{"cameraMode":{"drawMode":0,"name":"Shaded","section":"Shading Mode"},"sceneLighting":true,"audioPlay":false,"sceneViewState":{"showFog":true,"showMaterialUpdate":true,"showSkybox":true,"showFlares":true,"showImageEffects":true,"showParticleSystems":true},"in2DMode":false,"pivot":{"x":-5.235126495361328,"y":1.6082911491394044,"z":5.599845886230469},"rotation":{"x":-0.09145069867372513,"y":0.8392810821533203,"z":-0.14909297227859498,"w":-0.5147976875305176},"size":10.0,"orthographic":false}